product_a,product_b,pair_count,count_a,count_b,support,confidence_a_to_b,confidence_b_to_a,p_b,p_a,lift,product_a_name,product_b_name
PRD001,PRD002,13,17,19,0.52,0.7647058823529411,0.6842105263157895,0.76,0.68,1.0061919504643961,Organic Whole Milk 1L,Brown Bread 400g
PRD001,PRD003,11,17,15,0.44,0.6470588235294118,0.7333333333333333,0.6,0.68,1.0784313725490198,Organic Whole Milk 1L,Fresh Eggs 12pc
PRD001,PRD004,4,17,5,0.16,0.23529411764705882,0.8,0.2,0.68,1.176470588235294,Organic Whole Milk 1L,Basmati Rice 5kg
PRD001,PRD005,5,17,5,0.2,0.29411764705882354,1.0,0.2,0.68,1.4705882352941175,Organic Whole Milk 1L,Olive Oil 1L
PRD002,PRD004,4,19,5,0.16,0.21052631578947367,0.8,0.2,0.76,1.0526315789473684,Brown Bread 400g,Basmati Rice 5kg
PRD002,PRD008,4,19,4,0.16,0.21052631578947367,1.0,0.16,0.76,1.3157894736842104,Brown Bread 400g,Orange Juice 1L
PRD003,PRD004,4,15,5,0.16,0.26666666666666666,0.8,0.2,0.6,1.3333333333333333,Fresh Eggs 12pc,Basmati Rice 5kg
PRD003,PRD007,4,15,5,0.16,0.26666666666666666,0.8,0.2,0.6,1.3333333333333333,Fresh Eggs 12pc,Greek Yogurt 400g
